method,r,mse_mean,mse_std,mae_mean,mae_std,r2_mean,r2_std
Ridge,-,0.25409035633809424,0.0004205545242240482,0.38712809449719554,0.000278833242236608,0.3428727213205709,0.0009218306726684364
PPLS-SLM-Manifold-Adaptive,30,0.2588496792312022,0.00033246810341542975,0.39026538108416015,0.0002524608193972785,0.3359440139785976,0.0006944165214166162
PLSR,30,0.25463339677068747,0.00040346033228965474,0.3875505318647523,0.0002628129028686185,0.3433985689086249,0.0009946363188012214
