method,r,alpha,coverage_mean,coverage_std
PPLS-SLM-Manifold-Adaptive,15,0.05,0.9393435672514622,0.000364897051339106
PPLS-SLM-Manifold-Adaptive,15,0.1,0.8953679824561404,0.0005346497824404116
PPLS-SLM-Manifold-Adaptive,15,0.2,0.8118849415204679,0.0007602674587743233
