method,r,mse_mean,mse_std,mae_mean,mae_std,r2_mean,r2_std
Ridge,-,0.2507120724890501,0.0006419405837009104,0.3854126096233111,0.0003958156389337729,0.34485515562042085,0.0007183652059049729
PPLS-SLM-Manifold-Adaptive,15,0.26916213003803996,0.001667786160450367,0.3991897221565875,0.0008124235461831115,0.2929207466976364,0.00360070915277892
PLSR,15,0.2618687114101086,0.00039532132607466826,0.3919174677761113,0.000334347797263276,0.332815726602051,0.0004205763462500121
