method,Alpha,Expected Coverage,shrinkage_alpha_mean,shrinkage_alpha_std,covariance_scale_mean,covariance_scale_std,n_folds,p,q,x_top_k,y_top_k,Fold 1,Fold 2,Fold 3,Fold 4,Fold 5,Mean
PPLS-SLM-Manifold-Adaptive,0.05,95.00%,3.0,0.0,1.0487216534957517,0.02024607443054338,5,60,60,60,60,94.41%,94.89%,93.14%,95.37%,94.57%,94.48%
PPLS-SLM-Manifold-Adaptive,0.1,90.00%,3.0,0.0,1.0487216534957517,0.02024607443054338,5,60,60,60,60,90.91%,91.12%,89.33%,92.04%,91.10%,90.90%
PPLS-SLM-Manifold-Adaptive,0.15,85.00%,3.0,0.0,1.0487216534957517,0.02024607443054338,5,60,60,60,60,86.99%,87.47%,85.64%,88.78%,87.12%,87.20%
PPLS-SLM-Manifold-Adaptive,0.2,80.00%,3.0,0.0,1.0487216534957517,0.02024607443054338,5,60,60,60,60,82.70%,83.43%,81.64%,84.93%,83.56%,83.25%
PPLS-SLM-Manifold-Adaptive,0.25,75.00%,3.0,0.0,1.0487216534957517,0.02024607443054338,5,60,60,60,60,78.81%,79.70%,77.42%,80.77%,79.72%,79.28%
