method,r,mse_mean,mse_std,mae_mean,mae_std,r2_mean,r2_std
Ridge,-,0.4506479765238939,0.050910890827085435,0.4603600324500842,0.021750212794946117,0.17735835208455636,0.020584545754061805
PPLS-SLM-Manifold-Adaptive,3,0.44980222988244717,0.04988571847782076,0.46125802937987653,0.02108768507995168,0.17243199025412986,0.021161941510549565
PPLS-EM,5,0.48141778982363237,0.04961457200259239,0.474948225536952,0.02185505525795446,0.14215188097798617,0.017173083843908945
PLSR,8,0.4647527954274856,0.054043982335809176,0.4678123115644704,0.02278967322303132,0.15840774963956822,0.025618537881532368
