method,Alpha,Expected Coverage,shrinkage_alpha_mean,shrinkage_alpha_std,covariance_scale_mean,covariance_scale_std,n_folds,p,q,x_top_k,y_top_k,Fold 1,Fold 2,Fold 3,Fold 4,Fold 5,Mean
PPLS-SLM-Manifold-Adaptive,0.05,95.00%,3.0,0.0,1.0951290521937738,0.001939736435003192,5,60,60,60,60,94.99%,95.11%,93.81%,95.56%,94.74%,94.84%
PPLS-SLM-Manifold-Adaptive,0.1,90.00%,3.0,0.0,1.0951290521937738,0.001939736435003192,5,60,60,60,60,91.67%,91.43%,89.98%,92.35%,91.42%,91.37%
PPLS-SLM-Manifold-Adaptive,0.15,85.00%,3.0,0.0,1.0951290521937738,0.001939736435003192,5,60,60,60,60,88.16%,87.79%,86.39%,89.22%,87.47%,87.81%
PPLS-SLM-Manifold-Adaptive,0.2,80.00%,3.0,0.0,1.0951290521937738,0.001939736435003192,5,60,60,60,60,84.13%,83.89%,82.39%,85.38%,83.96%,83.95%
PPLS-SLM-Manifold-Adaptive,0.25,75.00%,3.0,0.0,1.0951290521937738,0.001939736435003192,5,60,60,60,60,80.21%,80.07%,78.49%,81.34%,80.25%,80.07%
