method,r,mse_mean,mse_std,mae_mean,mae_std,r2_mean,r2_std
Ridge,-,0.4506479765238939,0.050910890827085435,0.4603600324500842,0.021750212794946117,0.17735835208455636,0.020584545754061805
PPLS-SLM-Manifold-Adaptive,3,0.44980196025722313,0.049885427490563544,0.46125786205319247,0.02108764254456697,0.17243230096051695,0.02116188961151418
PPLS-EM,8,0.47817619072785666,0.04958539434431663,0.4735425057737667,0.022044771582284423,0.1459080546217961,0.018635119288144857
PLSR,8,0.4647527954274856,0.054043982335809176,0.4678123115644704,0.02278967322303132,0.15840774963956822,0.025618537881532368
