method,r,mse_mean,mse_std,mae_mean,mae_std,r2_mean,r2_std
Ridge,-,0.3000829739714136,0.0032201421435690825,0.41811529953154325,0.0011804498885413794,0.25595134716081436,0.009196047895901185
PPLS-SLM-Manifold,15,0.42400253080023514,0.019223471051829588,0.48703658361541186,0.012348934160652303,0.00018355676123796516,0.0009312582115149201
PLSR,15,0.2925003730153565,0.003160859127336546,0.4125325962087151,0.0012458662349907057,0.27175415719899476,0.0064783053821071135
