method,r,fold,mse,mae,r2,time_sec,N,p,q,shrinkage_alpha,cov_scale
Ridge,-,1,0.2968628318278445,0.41693484964300187,0.24675529926491316,0.25474940000276547,400,2000,228,,
Ridge,-,2,0.3033031161149827,0.41929574942008463,0.26514739505671553,0.06991059999563731,400,2000,228,,
PPLS-SLM-Manifold,15,1,0.40477905974840556,0.47468764945475955,0.0011148149727528852,10.753801900005783,400,2000,228,1.0,2.18542469989436
PLSR,15,1,0.28933951388801993,0.4112867299737244,0.2652758518168876,0.21292680001351982,400,2000,228,,
PPLS-SLM-Manifold,15,2,0.44322600185206473,0.49938551777606416,-0.0007477014502769549,8.757112299994333,400,2000,228,1.0,2.29713267586934
PLSR,15,2,0.295661232142693,0.4137784624437058,0.27823246258110185,0.2078414999996312,400,2000,228,,
